Rank/Priority,Product name,Category,Diwali relevance,Uniqueness angle,Price band INR,Source status,Lead time class,Sellability signal + source,Notes
1,Carved Solid Sheesham Mandir / Temple Unit (2.5 ft),Mandir & Pooja Accessories,Pooja-room centrepiece bought for Diwali/housewarming,"Solid carved wood vs mass engineered/laminate mandirs (Flipkart median ~INR 494, ESTIMATE)","14,999-16,999",stretch,intricate,"Woodsala sells carved mandirs at INR 21,899 median (VERIFIED, India price benchmark Sec 3.1) - proven demand tier, zero live SKUs today","Equivalent to S1 in superseded India starter-catalogue plan (spec reusable). URGENT: start carving decision needed by ~9-10 Oct, see markdown Sec 4"
2,Hand-Carved Jharokha Mirror,"Wall Art, Mirrors & Frames",Festival housewarming/entryway decor,Rajasthani jharokha framing already Best Seller/Trending in the seed,"11,900",catalogue,standard,"Seed flags: Handmade, Best Seller, featured/best/trending","slug hand-carved-jharokha-mirror, SKU WV-WAL-001; HERO pick #2"
3,Jaali Carved Wall Panel,"Wall Art, Mirrors & Frames","Photogenic statement wall piece, also usable as room divider",Highest-margin item in the whole unit-economics model (24.5% after CAC),"10,400",catalogue,standard,unit-economics-model.md Sec 4 table B/C,"slug jaali-carved-wall-panel, SKU WV-WAL-002; HERO pick #3"
4,Lacquered Lakshmi Figure (companion to item 21),Figurines & Idols (gifting),"Completes the Lakshmi-Ganesha pair, the most-named Diwali idol gift","Identical bow-lathe + friction-lacquer process; closes a named, searched pairing gap","4,790-5,200 solo; ~9,000-9,900 as a pair",new SKU,standard,"ESTIMATE - 'Laxmi-Ganesh idols thought to bring abundance' named as top Diwali gift (The Week, 13 Oct 2025)",Genuinely new; HERO pick #4 (as pair with item 21)
5,Hoshiarpur Inlay Serving Tray,"Serving Ware, Trays & Coasters",Premium personal/corporate gifting tray,Brass-inlay border differentiates vs plain acacia trays everywhere,"5,290",catalogue,standard,"Seed flags: Handmade, featured","slug hoshiarpur-inlay-serving-tray, SKU WV-SRV-003; HERO pick #5"
6,Hand-Carved Sheesham Door Toran with Brass Bells,Torans & Door Decor,Torans are THE top-cited Diwali purchase; ritual replacement every year,Carved wood + real bells vs ubiquitous fabric/marigold/plastic torans,"1,499-1,999",new SKU,standard,"VERIFIED-signal / ESTIMATE-detail - ""Torans are at the forefront of Diwali purchases"" (Shiprocket, 'best selling products on Diwali', accessed 2026-10-06)",Genuinely new; zero-SKU gap; HERO pick #6
7,Diwali Hamper - Premium (Inlay Tray + Lakshmi-Ganesha Pair + Mithai Box),Corporate & Personal Gift Hampers,Premium personal/corporate tier research flags as the growing segment,Combines three differentiated craft lines into one gift-box narrative,"7,999-9,999",new SKU,standard,"ESTIMATE - 'premium, memorable solutions, average spend rising' (vantagecircle.com, corporate Diwali gifts 2025)",Genuinely new combo (components: items 26+21+22+34); HERO pick #7; decision 0037 combo engine
8,Carved Wooden Elephant Pair,Figurines & Idols (gifting),Good-luck prosperity gifting maps directly onto Diwali,Already Best Seller + Trending; 'good luck' framing in seed copy,"5,590",catalogue,standard,"Seed flags: Handmade, Best Seller, best/trending","slug carved-wooden-elephant-pair, SKU WV-FIG-002; HERO pick #8"
9,"Jaali Tealight Lantern, hanging sheesham",Diyas & Candle Holders (wood-based),Wood-housed answer to the craft/customisation diya trend,"Hand-pierced jaali shadow pattern vs simpler turned-shape diya stands (Pepperfry, ESTIMATE)","899-1,299",new SKU,standard,ESTIMATE - Pepperfry festive-decor category sells a simpler 'wooden Om shadow tea light diya stand' (accessed 2026-10-06),Genuinely new; HERO pick #9
10,Hoshiarpur Inlay Chess Set,Kids & Toy Gifting,Family-gathering gift for the Diwali long weekend,"Brass-inlaid border, turned Staunton pieces stored in hollow case","7,290",catalogue,standard,"Seed flags: Handmade, featured","slug hoshiarpur-inlay-chess-set, SKU WV-TOY-003; HERO pick #10"
11,Sheesham Bajot / Chowki (Pooja-Idol Platform Stool),Mandir & Pooja Accessories,Low wooden platform for idol/thali during Lakshmi puja,"Distinct from existing seating mudha - true pooja furniture, zero seed coverage","1,999-2,999",new SKU,standard,ASSUMPTION - pooja-corner buyers named as a segment (positioning-and-usp.md Sec 9.2),Genuinely new (not in starter-catalogue list)
12,Panch-Diya Wooden Aarti Stand (5-cup brass + turned sheesham),Mandir & Pooja Accessories,Daily aarti/diya stand used through the 5 days of Diwali,Wood-housed reusable brass-cup design vs disposable clay diyas,"1,499-1,999",new SKU,standard,"ESTIMATE - ""diyas are the heart of Diwali, trend is craft & customisation"" (radhakrishnatemple.net, 2025, accessed 2026-10-06)",Genuinely new
13,Wall-Mount Wooden Pooja Shelf / Mini Mandir Corner,Mandir & Pooja Accessories,Compact pooja-corner solution for small flats,No compact wall-mount pooja option exists in the seed catalogue,"2,499-3,499",new SKU,standard,ASSUMPTION - complements first-time flat-owner segment (positioning-and-usp.md Sec 9.2); not independently search-verified,Genuinely new
14,Kutch Lacquer Kumkum-Haldi Box (Set),Mandir & Pooja Accessories,"Kumkum/haldi/akshat used in every Lakshmi puja, gifted with sweets",Reuses existing Kutch lacquer craft (Ravji) in a new Diwali-specific form,"899-1,299",new SKU,standard,ASSUMPTION - logical line extension of catalogue Kutch Lacquer Spice Box craft,Genuinely new
15,Sheesham Mini Temple Bell (Ghanti) Stand,Mandir & Pooja Accessories,Bell rung at aarti; budget gifting entry point,Wood-stand bell vs plain brass-only bells sold with no stand,399-599,new SKU,quick,"ASSUMPTION - budget-tier filler, not independently verified",Genuinely new
16,"Turned Wood Pillar Candle Stand (Set of 2, brass accent)",Diyas & Candle Holders (wood-based),Festive table/mantel styling through Diwali week,Turned wood + brass accent vs glass/metal pillar holders dominating listings,"999-1,499",new SKU,quick,ASSUMPTION,Genuinely new
17,Mango Wood Diya Tray with 9 Brass Diya Cups,Diyas & Candle Holders (wood-based),Reusable higher-ticket alternative to disposable clay diyas,Tray-plus-cups reusable format vs loose clay diyas sold by the dozen,"1,799-2,499",new SKU,standard,"ESTIMATE - eco-friendly/reusable Diwali essentials flagged as a 2025 trend (radhakrishnatemple.net, accessed 2026-10-06)",Genuinely new
18,"Carved Wooden Diya Stand Tower (3-tier, mandala motif)",Diyas & Candle Holders (wood-based),Statement centrepiece for balcony/entrance diya displays,Tiered wood sculpture vs single-level diya trays sold as mass decor,"2,299-2,999",new SKU,standard,ASSUMPTION,Genuinely new
19,Jaali Wood Door Toran Panel (horizontal strip + tassels),Torans & Door Decor,"Same occasion as item 11, lighter alternative for narrow doorframes","Pierced-wood strip silhouette, distinct from the carved-bell toran","1,299-1,799",new SKU,standard,"Same signal as item 11 (Shiprocket, accessed 2026-10-06)",Genuinely new
20,Mango Wood 'Shubh Labh' Hanging Plaque,Torans & Door Decor,Standard Diwali door/shop greeting motif,Hand-carved wood vs printed/acrylic versions dominating online listings,599-899,new SKU,quick,ASSUMPTION,Genuinely new; budget door-decor entry point
21,Carved Wood Ganesha Door Hanging,Torans & Door Decor,Threshold welcome motif for Diwali,Carved relief vs painted terracotta/resin versions sold everywhere,"799-1,199",new SKU,quick,ASSUMPTION,Genuinely new
22,Hand-Carved Krishna Panel,"Wall Art, Mirrors & Frames",Puja-room/reading-nook relevance,Deep-relief single-figure carving inside a scalloped temple arch,"10,490",catalogue,intricate,"Seed flags: featured, isNew","slug hand-carved-krishna-panel, SKU WV-WAL-005"
23,Carved Sun Mandala Wall Art,"Wall Art, Mirrors & Frames",Photogenic statement piece with flexible price points,"Radiating carved mandala, existing size variants give 3 price points","4,690-10,290",catalogue,standard,Seed flags trending,"slug carved-sun-mandala-wall-art, SKU WV-WAL-004, sizes O45/O60/O90"
24,Sawantwadi Hand-Painted Wall Plates (Set of 3),"Wall Art, Mirrors & Frames",Bright festive palette reads directly as Diwali colour,Hand-painted Sawantwadi royal-household craft tradition,"5,490",catalogue,standard,"Seed flags: Hand-painted, Set of 3, isNew","slug sawantwadi-hand-painted-wall-plates-set-of-3, SKU WV-WAL-003"
25,Sheesham Jaali Photo Frame (Set of 2),"Wall Art, Mirrors & Frames",Family-photo gifting is a Diwali/housewarming staple,Pierced jaali border vs plain wood/plastic frames sold everywhere; zero frame SKUs in seed,"699-1,299",new SKU,quick,"ESTIMATE - 'personalised home decor' named as a 2026 Diwali gifting theme (azafashions.com, accessed 2026-10-06)",Genuinely new; zero-SKU gap
26,Lacquered Ganesha Figure,Figurines & Idols (gifting),Housewarming/Diwali prosperity gift,Already positioned as 'housewarming gift with heart' in the seed copy,"4,790",catalogue,standard,"Seed flags: Gift, isNew","slug lacquered-ganesha-figure, SKU WV-FIG-004; pairs with item 22 for HERO pick #4"
27,Kondapalli Dashavatara Set,Figurines & Idols (gifting),"Religious gift set, Vishnu avatars",GI-craft badge already present (400-year Kondapalli tradition),"7,190",catalogue,standard,"Seed flags: GI Craft, featured","slug kondapalli-dashavatara-set, SKU WV-FIG-001"
28,Sheesham Horse Sculpture,Figurines & Idols (gifting),Re-merchandise as a 'prosperity/new-beginnings' desk gift for Diwali corporate recipients,Stylised standing horse following the grain of the block,"7,900",catalogue,standard,"ASSUMPTION - generic desk-decor framing in seed, Diwali angle is new copy only","slug sheesham-horse-sculpture, SKU WV-FIG-003"
29,Acacia Serving Tray with Handles,"Serving Ware, Trays & Coasters",Festive tea/mithai service tray,Carved handle cut-outs; already Best Seller + Trending,"2,590",catalogue,quick,"Seed flags: Food-safe, best/trending","slug acacia-serving-tray-with-handles, SKU WV-SRV-001"
30,Mango Wood Serving Bowls (Set of 3),"Serving Ware, Trays & Coasters",Namkeen/mithai nesting bowls for guest entertaining,Natural grain variation makes each set one of a kind,"2,990",catalogue,quick,"Seed flags: Set of 3, Food-safe","slug mango-wood-serving-bowls-set-of-3, SKU WV-SRV-002"
31,Sheesham & Brass Inlay Coaster Set (Set of 6),"Serving Ware, Trays & Coasters",True budget-gifting entry point; natural combo component,Brass inlay vs plain-wood/cork coasters dominating this price tier,499-799,new SKU,quick,"Caution (unit-economics-model.md): small kitchen-wood items thin-to-negative margin standalone - sell via combos, not cold-traffic ads",Genuinely new
32,Mini Wooden Coaster + Keychain Ganesha Combo,"Serving Ware, Trays & Coasters",The explicit INR 299 budget-gifting floor; bulk corporate thank-you tier,Hits a genuine sub-INR 350 price point without going into mass clay/plastic,299-349,new SKU,quick,Caution: same thin-margin flag as item 29 - bulk-volume or bundled only,Genuinely new combo of two small turned pieces
33,Acacia Round Chopping Board,"Serving Ware, Trays & Coasters",Festive kitchen/housewarming gift,"Round board with juice groove, thick and gentle on knives","1,390-2,390",catalogue,quick,"Seed flags: Food-safe, Best Seller","slug acacia-round-chopping-board, SKU WV-CUT-001, sizes O25/O32/O40"
34,Kutch Lacquer Spice Box,Sweet / Dry-Fruit & Spice Boxes,Bright festive lacquer colours read as Diwali-appropriate,"Hand-turned, friction-lacquered bands (vermilion/saffron/indigo); zero rework needed","3,590",catalogue,standard,"Seed flags: Handmade, isNew, featured","slug kutch-lacquer-spice-box, SKU WV-SPC-002"
35,Sheesham Masala Dabba,Sweet / Dry-Fruit & Spice Boxes,Kitchen-gifting staple,Already Best Seller flagged,"2,690",catalogue,quick,Seed flags: Best Seller,"slug sheesham-masala-dabba, SKU WV-SPC-001"
36,Sheesham & Brass Inlay Dry-Fruit / Mithai Box (compartmentalised),Sweet / Dry-Fruit & Spice Boxes,Premium answer to the shift away from plain dry-fruit boxes,Reusable wood with brass inlay vs one-use cardboard/foil hamper boxes,"1,999-2,999",new SKU,standard,"ESTIMATE - 'trend is moving away from the mundane dry-fruit boxes' (enkash.com, corporate Diwali gifting trends, accessed 2026-10-06)",Genuinely new
37,Handcrafted Wooden Kitchen Utensil Set (7 pieces),Sweet / Dry-Fruit & Spice Boxes,Festive housewarming/kitchen-refresh gift,"Each utensil hand-turned, no two exactly alike","2,290",catalogue,quick,"Seed flags: Handmade, isNew, trending","slug handcrafted-wooden-kitchen-utensil-set, SKU WV-SRV-004"
38,Teak Round Coffee Table,Small Furniture Accents (festive refresh),'Home refresh before Diwali guests arrive' purchase occasion,"Hand-turned top, splayed legs, teak oil finish; already isNew/trending","15,900",catalogue,standard,"Seed flags: New, isNew/trending","slug teak-round-coffee-table, SKU WV-TBL-003"
39,Kerala Teak Storage Trunk,Small Furniture Accents (festive refresh),Doubles as coffee table + gifting-box aesthetic; pettagam tradition ties to valuables/gold,"Hammered brass bands, hand-forged lock plate, built without nails","16,900",catalogue,standard,Seed flags: Handmade,"slug kerala-teak-storage-trunk, SKU WV-CAB-005; highest price point in the 50"
40,Mango Wood Bar Stool,Small Furniture Accents (festive refresh),Mid-tier accent furniture for festive entertaining spaces,Saddle seat scooped by hand with a curved adze,"5,400",catalogue,quick,Seed flags: trending,"slug mango-wood-bar-stool, SKU WV-CHR-003"
41,Rattan-Seat Mudha Stool,Small Furniture Accents (festive refresh),Affordable accent seating/footrest,"Classic North Indian mudha, hand-woven rattan seat; good combo-filler weight","2,990",catalogue,quick,Seed flags: Handmade,"slug rattan-seat-mudha-stool, SKU WV-CHR-005"
42,Mango Wood Plant Stand,Small Furniture Accents (festive refresh),Marigold/tulsi pots at the festive entryway,Tall three-legged turned stand raising a plant to eye level,"2,990",catalogue,quick,"ASSUMPTION - generic plant-stand framing in seed, Diwali angle is new copy only","slug mango-wood-plant-stand, SKU WV-PLT-002"
43,Channapatna Toy Set (Classic 8-Piece),Kids & Toy Gifting,Classic Diwali gift for young relatives,"GI-craft + child-safe vegetable-dye lacquer, no paint/chemicals","2,990",catalogue,standard,"Seed flags: GI Craft, Child-safe, featured/best/trending","slug channapatna-toy-set-classic-8-piece, SKU WV-TOY-001"
44,Channapatna Stacking Rings,Kids & Toy Gifting,Budget-tier baby/toddler Diwali gift,Child-safe lacquer already verified in seed description,"1,090",catalogue,quick,"Seed flags: Child-safe, isNew","slug channapatna-stacking-rings, SKU WV-TOY-002"
45,Kerala Teak Floor Lamp,Lighting,"Festive evening ambience, extends 'warm light for reading corners' copy",Tripod hand-turned shaft with brass fitting,"9,790",catalogue,standard,Seed flags: featured,"slug kerala-teak-floor-lamp, SKU WV-LMP-001"
46,Jaali Carved Table Lamp,Lighting,Pierced-shadow ambient light doubles as pooja-room/living-room festive lighting,"Each of 4 panels hand-pierced, no two alike","4,690",catalogue,standard,"Seed flags: New, isNew/trending","slug jaali-carved-table-lamp, SKU WV-LMP-002"
47,Woven Cane Pendant Light,Lighting,Dining-table festive ambience for Diwali entertaining,Hand-woven open-hex cane dome over a wooden ring frame,"3,690",catalogue,quick,"ASSUMPTION - generic ambient-light framing, Diwali angle is new copy only","slug woven-cane-pendant-light, SKU WV-LMP-003"
48,Diwali Hamper - Starter (Coaster Set + Keychain Ganesha),Corporate & Personal Gift Hampers,Bulk corporate thank-you / vendor gifting at volume,Wood+brass vs plastic giveaway tchotchkes typical at this price,799-999,new SKU,quick,Combo wrapper makes thin-margin small items viable per unit-economics-model.md,Genuinely new combo (components: items 29+30); decision 0037 combo engine
49,Diwali Hamper - Classic (Masala Dabba + Serving Tray + Aarti Stand),Corporate & Personal Gift Hampers,Personal-gifting mid-tier spanning kitchen + pooja rooms,Bundles existing bestseller craft lines into one Diwali-framed gift,"2,999-3,999",new SKU,standard,ASSUMPTION,Genuinely new combo (components: items 33+27+3); decision 0037 combo engine
50,Corporate Bulk Gifting Set - Branded (Chess Set + Inlay Tray + branded card/plate),Corporate & Personal Gift Hampers,B2B bulk occasion explicit in brief; personalisation/branding named as 2025-26 differentiator,Engraved/branded corporate set vs unbranded generic hampers,"6,999-8,999 /unit at bulk pricing",stretch,standard,"ESTIMATE - personalisation named as corporate differentiator (bombaysweetshop.com; enkash.com, accessed 2026-10-06)","Needs engraving/branding capability + MOQ/lead-time check before any client quote (see markdown Sec 4, decision 2)"
